year,state,Natural gas,Electricity,Petroleum product,Coal
2009,CA,25.640736729003343,25.775307364085176,23.682713420825156,24.901242486086325
2009,TX,29.998624616457096,32.867613411579306,12.17815562305804,24.955606348905572
2009,NM,35.42575759536952,20.151613710945245,10.55364281578303,33.86898587790221
2009,AZ,27.52916821741832,19.363827681353744,27.08385486581289,26.023149235415044
