,transportation,commercial,electric power,industrial,residential,state,total,commercial_sp,electric power_sp,industrial_sp,residential_sp,transportation_sp
0,80799.65133,10214.233390000001,538426.00843,31948.78843,26237.295299999998,CA,712704.4602,1.4331653525970176,75.54688352573328,4.482754102736286,3.681370998104496,11.337048642480209
1,65780.30575,4278.726790000001,209903.20055,56125.32427,19727.50202,TX,356634.8206,1.199750148569761,58.85661983225875,15.737477393703491,5.5315692356709825,18.444723271645675
2,4030.33865,1559.0964299999998,18216.85656,2493.5059,9053.059159999999,NM,35635.38371,4.375135799540966,51.12013584096188,6.997275293264971,25.40469111732766,11.309934762591055
3,19110.6349,1508.11644,64901.8116,4964.30259,8414.34779,AZ,103493.2854,1.457211870481406,62.711132755285014,4.796738813356872,8.130332086259193,18.46557950705467
